#{"t_start": 1658913368.7413702, "env_id": "LunarLander-v4"}
r,l,t
-373.278665,91,1.541931
-6.548183,138,1.923909
-185.232318,101,2.194186
-30.452366,71,2.38899
-227.385135,73,2.587438
-69.376724,115,2.904611
-140.496443,71,3.089117
-150.930833,130,3.451148
-82.831539,83,3.68453
-136.072279,80,3.906935
-219.744434,96,4.180176
-135.886183,115,4.489376
-42.052318,88,4.739706
-31.904318,72,4.935177
